9朁E2日,SE,ShootingGirl,OnStage,MC,MoonBeliever,SynchroStarlation,AnoKoi,_END,
9朁E3日,SE,SynchroStarlation,AnoKoi,MC,OnStage,MoonBeliever,ShootingGirl,_END,
9朁E4日,SE,AnoKoi,OnStage,MC,SynchroStarlation,ShootingGirl,_END,,
9朁E4日,SE,ShootingGirl,MoonBeliever,SynchroStarlation,_END,,,,
9朁E5日,SE,ShootingGirl,MC,OnStage,SynchroStarlation,AnoKoi,_END,,
9朁E5日,SE,AnoKoi,MoonBeliever,MC,SynchroStarlation,ShootingGirl,_END,,
9朁E6日,SE,SynchroStarlation,MoonBeliever,MC,ShootingGirl,OnStage,AnoKoi,_END,
9朁E8日,SE,OnStage,MoonBeliever,MC,AnoKoi,ShootingGirl,_END,,
9朁E9日,SE,ShootingGirl,MoonBeliever,MC,SynchroStarlation,AnoKoi,_END,,
9朁E1日,SE,ShootingGirl,OnStage,MC,AnoKoi,_END,,,
9朁E2日,SE,ShootingGirl,OnStage,MC,SynchroStarlation,AnoKoi,_END,,
9朁E2日,SE,OnStage,MoonBeliever,MC,ShootingGirl,SynchroStarlation,_END,,
9朁E3日,SE,OnStage,MoonBeliever,MC,ShootingGirl,AnoKoi,_END,,
9朁E3日,SE,MoonBeliever,AnoKoi,MC,OnStage,SynchroStarlation,ShootingGirl,_END,
9朁E4日,SE,AnoKoi,MC,OnStage,SynchroStarlation,MoonBeliever,_END,,
9朁E5日,SE,OnStage,MoonBeliever,MC,ShootingGirl,SynchroStarlation,AnoKoi,_END,
9朁E8日,SE,MoonBeliever,OnStage,MC,SynchroStarlation,ShootingGirl,_END,,
9朁E8日,SE,OnStage,SynchroStarlation,AnoKoi,_END,,,,
9朁E9日,SE,AnoKoi,MC,MoonBeliever,SynchroStarlation,ShootingGirl,_END,,
9朁E9日,SE,ShootingGirl,OnStage,MC,SynchroStarlation,AnoKoi,_END,,
9朁E0日,SE,ShootingGirl,OnStage,MC,MoonBeliever,AnoKoi,_END,,
10朁E日,SE,OnStage,MC,MoonBeliever,ShootingGirl,_END,,,
10朁E日,SE,ShootingGirl,OnStage,MC,SynchroStarlation,AnoKoi,_END,,
10朁E日,SE,MoonBeliever,SynchroStarlation,MC,AnoKoi,ShootingGirl,_END,,
10朁E日,SE,AnoKoi,OnStage,MC,SynchroStarlation,MoonBeliever,_END,,
10朁E日,SE,AnoKoi,OnStage,MC,SynchroStarlation,MoonBeliever,_END,,
10朁E日,SE,ShootingGirl,SynchroStarlation,AnoKoi,_END,,,,
10朁E日,SE,ShootingGirl,OnStage,AnoKoi,MC,MoonBeliever,SynchroStarlation,ShootingGirl,_END
10朁E日,SE,MoonBeliever,OnStage,MC,ShootingGirl,SynchroStarlation,_END,,
10朁E0日,SE,OnStage,MoonBeliever,MC,SynchroStarlation,AnoKoi,_END,,
10朁E2日,SE,ShootingGirl,MoonBeliever,MC,AnoKoi,SynchroStarlation,_END,,
10朁E2日,SE,AnoKoi,OnStage,MC,SynchroStarlation,ShootingGirl,_END,,
10朁E3日,SE,OnStage,MoonBeliever,MC,ShootingGirl,SynchroStarlation,_END,,
10朁E3日,SE,AnoKoi,OnStage,MoonBeliever,_END,,,,
10朁E4日,SE,ShootingGirl,SynchroStarlation,MC,OnStage,AnoKoi,_END,,
10朁E4日,SE,MoonBeliever,AnoKoi,MC,SynchroStarlation,ShootingGirl,_END,,
10朁E6日,SE,OnStage,MoonBeliever,MC,Saisentan,ShootingGirl,_END,,
10朁E7日,SE,ShootingGirl,AnoKoi,MC,OnStage,MoonBeliever,_END,,
10朁E8日,SE,OnStage,MoonBeliever,Saisentan,MC,ShootingGirl,_END,,
10朁E0日,SE,ShootingGirl,AnoKoi,MC,OnStage,MoonBeliever,_END,,
10朁E0日,SE,AnoKoi,OnStage,MC,ShootingGirl,SynchroStarlation,_END,,
10朁E2日,SE,OnStage,MoonBeliever,MC,ShootingGirl,AnoKoi,_END,,
10朁E3日,SE,ShootingGirl,OnStage,MC,SynchroStarlation,MoonBeliever,_END,,
10朁E4日,SE,OnStage,SynchroStarlation,MC,Pulcliism,MoonBeliever,_END,,
10朁E5日,SE,Pulcliism,ShootingGirl,AnoKoi,_END,,,,
10朁E6日,SE,AnoKoi,OnStage,Pulcliism,MC,ShootingGirl,_END,,
10朁E6日,SE,Pulcliism,OnStage,MC,SynchroStarlation,AnoKoi,_END,,
10朁E7日,SE,ShootingGirl,MoonBeliever,MC,OnStage,Pulcliism,_END,,
10朁E7日,SE,AnoKoi,Pulcliism,MC,ShootingGirl,SynchroStarlation,_END,,
10朁E0日,SE,OnStage,MoonBeliever,MC,Pulcliism,ShootingGirl,_END,,
10朁E1日,SE,AnoKoi,Pulcliism,MC,OnStage,MoonBeliever,_END,,
10朁E1日,SE,Pulcliism,ShootingGirl,MC,SynchroStarlation,AnoKoi,_END,,
11朁E日,SE,ShootingGirl,Pulcliism,MC,AnoKoi,OnStage,_END,,
11朁E日,SE,Pulcliism,OnStage,MoonBeliever,MC,ShootingGirl,_END,,
11朁E日,SE,Pulcliism,MoonBeliever,MC,OnStage,AnoKoi,_END,,
11朁E日,SE,ShootingGirl,SynchroStarlation,MC,AnoKoi,Pulcliism,_END,,
11朁E日,SE,MoonBeliever,SynchroStarlation,MC,Pulcliism,ShootingGirl,_END,,
11朁E日,SE,OnStage,AnoKoi,MC,Pulcliism,MoonBeliever,_END,,
